order_number,scheduling_pool,bench_work_centres,bench_operations,bench_remaining_minutes,bench_operation_count
200233267595,CSKI_MVKI,CSKI-1,0010,1034,1
200233267597,CSKI_MVKI,CSKI-1,0010,718,1
200233267600,CSKI_MVKI,CSKI-1,0010,1034,1
200233267603,CSKI_MVKI,CSKI-1,0010,718,1
200233271509,CSKI_MVKI,CSKI-1,0010,344,1
200233271510,CSKI_MVKI,CSKI-1,0010,344,1
200233314375,LVPA,LVPA-5,0010,79,1
200233314459,LVPA,LVPA-5,0010,120,1
200233359392,CSKI_MVKI,CSKI-1,0010,1088,1
200233359394,CSKI_MVKI,CSKI-1,0010,588,1
200233376337,CSKI_MVKI,MVKI-1,0010,114,1
200233376344,CSKI_MVKI,MVKI-1,0010,114,1
200233387277,CSKI_MVKI,CSKI-1,0010,488,1
200233387290,CSKI_MVKI,CSKI-1,0010,622,1
200233548301,CSKI_MVKI,CSKI-1,0010,355,1
200233570589,LVPA,LVPA-5,0010,600,1
200233570591,LVPA,LVPA-5,0010,600,1
200233571993,CSKI_MVKI,CSKI-1,0010,198,1
200233600285,CSKI_MVKI,CSKI-1,0010,164,1
200233600292,CSKI_MVKI,CSKI-1,0010,291,1
200233600294,CSKI_MVKI,CSKI-1,0010,109,1
200233600363,CSKI_MVKI,CSKI-1,0010,352,1
200233621851,LVPA,LVPA-2 / LVPA-5,0010 → 0020,28,2
200233622307,CSKI_MVKI,CSKI-1,0010,155,1
200233637765,LVPA,LVPA-2 / LVPA-5,0010 → 0020,182,2
200233637766,LVPA,LVPA-2 / LVPA-5,0010 → 0020,182,2
200233637769,LVPA,LVPA-2 / LVPA-5,0010 → 0020,182,2
200233637770,LVPA,LVPA-2 / LVPA-5,0010 → 0020,182,2
200233637775,LVPA,LVPA-2 / LVPA-5,0010 → 0020,182,2
200233637825,LVPA,LVPA-2,0010 → 0020,53,2
200233637830,LVPA,LVPA-2,0010 → 0020,35,2
200233637831,LVPA,LVPA-2,0010 → 0020,35,2
200233637833,LVPA,LVPA-2,0010 → 0020,35,2
200233637834,LVPA,LVPA-2,0010 → 0020,35,2
200233637837,LVPA,LVPA-2 / LVPA-5,0010 → 0020,182,2
200233637838,LVPA,LVPA-2 / LVPA-5,0010 → 0020,182,2
200233637839,LVPA,LVPA-2 / LVPA-5,0010 → 0020,182,2
200233637923,LVPA,LVPA-2,0010 → 0020,106,2
200233637925,LVPA,LVPA-2,0010 → 0020,106,2
200233637927,LVPA,LVPA-2,0010 → 0020,106,2
200233637928,LVPA,LVPA-2,0010 → 0020,106,2
200233637933,LVPA,LVPA-2,0010 → 0020,106,2
200233637935,LVPA,LVPA-2,0010 → 0020,106,2
200233637958,LVPA,LVPA-2,0010 → 0020,106,2
200233637959,LVPA,LVPA-2,0010 → 0020,106,2
200233637962,LVPA,LVPA-2,0010 → 0020,106,2
200233637963,LVPA,LVPA-2,0010 → 0020,106,2
200233637964,LVPA,LVPA-2,0010 → 0020,106,2
200233637965,LVPA,LVPA-2,0010 → 0020,106,2
200233637968,LVPA,LVPA-2,0010 → 0020,106,2
200233637969,LVPA,LVPA-2,0010 → 0020,106,2
200233637970,LVPA,LVPA-2,0010 → 0020,106,2
200233637972,LVPA,LVPA-2,0010 → 0020,106,2
200233638019,LVPA,LVPA-2,0010 → 0020,44,2
200233638022,LVPA,LVPA-2,0010 → 0020,44,2
200233638023,LVPA,LVPA-2,0010 → 0020,44,2
200233638025,LVPA,LVPA-2,0010 → 0020,44,2
200233638026,LVPA,LVPA-2,0010 → 0020,44,2
200233638028,LVPA,LVPA-2,0010 → 0020,44,2
200233638029,LVPA,LVPA-2,0010 → 0020,44,2
200233638030,LVPA,LVPA-2,0010 → 0020,44,2
200233650068,CSKI_MVKI,CSKI-1,0010,1034,1
200233702492,CSKI_MVKI,CSKI-1,0010,208,1
200233702496,CSKI_MVKI,CSKI-1,0010,236,1
200233785073,CSKI_MVKI,MVKI-1,0005,143,1
200233795808,CSKI_MVKI,MVKI-1,0005,59,1
200233812330,CSKI_MVKI,CSKI-1,0010,1012,1
200233878150,LVPA,LVPA-5,0010,724,1
200233878292,LVPA,LVPA-5,0010,724,1
200233880699,LVPA,LVPA-5,0010,1085,1
200233880703,LVPA,LVPA-5,0010,1085,1
200233898602,CSKI_MVKI,CSKI-1,0010,141,1
200233920353,LVPA,LVPA-5,0010 → 0030,383,2
200233920459,LVPA,LVPA-5,0010 → 0030,38,2
200233920463,LVPA,LVPA-5,0010 → 0030,160,2
200233920475,LVPA,LVPA-5,0010 → 0030,96,2
200233920702,LVPA,LVPA-5,0010 → 0030,128,2
200233920707,LVPA,LVPA-5,0010 → 0030,367,2
200233920715,LVPA,LVPA-5,0010 → 0020 → 0030,87,3
200233920744,LVPA,LVPA-5,0010 → 0030,120,2
200233931000,CSKI_MVKI,MVKI-1,0010,219,1
200233937064,CSKI_MVKI,CSKI-1,0010,112,1
200233937065,CSKI_MVKI,CSKI-1,0010,119,1
200233938901,CSKI_MVKI,CSKI-1,0010,408,1
200233938904,CSKI_MVKI,CSKI-1,0010,408,1
200233938906,CSKI_MVKI,CSKI-1,0010,406,1
200233939011,CSKI_MVKI,CSKI-1,0010,975,1
200233946180,CSKI_MVKI,CSKI-1,0010,560,1
200233946991,CSKI_MVKI,MVKI-1,0005,222,1
200233956458,CSKI_MVKI,CSKI-1,0010,668,1
200233956460,CSKI_MVKI,CSKI-1,0010,668,1
200233956462,CSKI_MVKI,CSKI-1,0010,377,1
200233958163,CSKI_MVKI,MVKI-1,0010,131,1
200233967198,CSKI_MVKI,MVKI-1,0010,200,1
200233967523,CSKI_MVKI,MVKI-1,0010,150,1
200233967525,CSKI_MVKI,MVKI-1,0010,170,1
200233967780,CSKI_MVKI,MVKI-1,0010,200,1
200233967902,CSKI_MVKI,MVKI-1,0010,137,1
200233967911,CSKI_MVKI,MVKI-1,0010,137,1
200233977330,CSKI_MVKI,CSKI-1,0010,869,1
200233977333,CSKI_MVKI,CSKI-1,0010,347,1
200233986204,CSKI_MVKI,CSKI-1,0010,212,1
200233987180,LVPA,LVPA-2 / LVPA-5,0005 → 0010,49,2
200233987191,CSKI_MVKI,MVKI-1,0010,88,1
200233987193,CSKI_MVKI,MVKI-1,0010,80,1
200233987223,CSKI_MVKI,CSKI-1,0010,131,1
200233987379,CSKI_MVKI,MVKI-1,0010,88,1
200233987383,CSKI_MVKI,MVKI-1,0010,92,1
200233996101,CSKI_MVKI,MVKI-1,0010,234,1
200234027495,CSKI_MVKI,CSKI-1,0010,622,1
200234029712,CSKI_MVKI,CSKI-1,0010,97,1
200234029759,CSKI_MVKI,CSKI-1,0010,190,1
200234036402,CSKI_MVKI,CSKI-1,0010,120,1
200234037772,CSKI_MVKI,CSKI-1,0010,1088,1
200234037773,CSKI_MVKI,CSKI-1,0010,1088,1
200234037997,CSKI_MVKI,CSKI-1,0010,1088,1
200234037998,CSKI_MVKI,CSKI-1,0010,1088,1
200234038000,CSKI_MVKI,CSKI-1,0010,1088,1
200234040202,CSKI_MVKI,MVKI-1,0010,205,1
200234040204,CSKI_MVKI,MVKI-1,0010,205,1
200234057161,CSKI_MVKI,MVKI-1,0010,578,1
200234057175,CSKI_MVKI,MVKI-1,0010,578,1
200234057272,CSKI_MVKI,MVKI-1,0010,125,1
200234057276,CSKI_MVKI,MVKI-1,0010,90,1
200234057398,CSKI_MVKI,MVKI-1,0010,76,1
200234057763,CSKI_MVKI,MVKI-1,0005,132,1
200234057961,LVPA,LVPA-5,0010,466,1
200234058344,LVPA,LVPA-5,0010,262,1
200234070154,CSKI_MVKI,MVKI-1,0010,132,1
200234070266,CSKI_MVKI,MVKI-1,0005,110,1
200234070268,CSKI_MVKI,MVKI-1,0005,110,1
200234084414,CSKI_MVKI,MVKI-1,0010,2073,1
200234084560,CSKI_MVKI,CSKI-1,0010,287,1
200234108391,CSKI_MVKI,MVKI-1,0005,93,1
200234147182,CSKI_MVKI,CSKI-1,0010,1688,1
200234148084,CSKI_MVKI,CSKI-1,0010,291,1
200234148088,CSKI_MVKI,CSKI-1,0010,117,1
200234148201,CSKI_MVKI,CSKI-1,0010,146,1
200234148472,CSKI_MVKI,CSKI-1,0010,146,1
200234148474,CSKI_MVKI,CSKI-1,0010,168,1
200234149230,CSKI_MVKI,CSKI-1,0010,190,1
200234156061,CSKI_MVKI,MVKI-1,0010,99,1
200234158412,CSKI_MVKI,MVKI-1,0010,402,1
200234158529,CSKI_MVKI,MVKI-1,0010,435,1
200234172130,CSKI_MVKI,MVKI-1,0005,102,1
200234173784,LVPA,LVPA-5,0010 → 0030,367,2
200234181973,CSKI_MVKI,MVKI-1,0005,119,1
200234193865,CSKI_MVKI,CSKI-1,0010,161,1
200234197069,CSKI_MVKI,MVKI-1,0005,132,1
200234200618,CSKI_MVKI,CSKI-1,0010,1088,1
200234200621,CSKI_MVKI,CSKI-1,0010,588,1
200234200622,CSKI_MVKI,CSKI-1,0010,1088,1
200234200623,CSKI_MVKI,CSKI-1,0010,588,1
200234200838,CSKI_MVKI,CSKI-1,0010,382,1
200234210577,CSKI_MVKI,CSKI-1,0010,301,1
200234210578,CSKI_MVKI,CSKI-1,0010,131,1
200234210579,CSKI_MVKI,CSKI-1,0010,442,1
200234210590,CSKI_MVKI,CSKI-1,0010,988,1
200234210761,CSKI_MVKI,CSKI-1,0010,194,1
200234210775,CSKI_MVKI,CSKI-1,0010,175,1
200234210818,CSKI_MVKI,CSKI-1,0010,155,1
200234210832,CSKI_MVKI,CSKI-1,0010,811,1
200234211261,CSKI_MVKI,CSKI-1,0010,198,1
200234211271,CSKI_MVKI,CSKI-1,0010,109,1
200234211276,CSKI_MVKI,CSKI-1,0010,120,1
200234211360,CSKI_MVKI,CSKI-1,0010,164,1
200234211364,CSKI_MVKI,CSKI-1,0010,222,1
200234211368,CSKI_MVKI,CSKI-1,0010,128,1
200234211371,CSKI_MVKI,CSKI-1,0010,352,1
200234211372,CSKI_MVKI,CSKI-1,0010,119,1
200234211551,CSKI_MVKI,CSKI-1,0010,150,1
200234211658,CSKI_MVKI,CSKI-1,0010,401,1
200234211661,CSKI_MVKI,CSKI-1,0010,750,1
200234214612,LVPA,LVPA-5,0010,326,1
200234215244,CSKI_MVKI,CSKI-1,0010,225,1
200234216038,CSKI_MVKI,CSKI-1,0010 → 0020,1635,2
200234216447,CSKI_MVKI,MVKI-1,0010,379,1
200234218287,CSKI_MVKI,CSKI-1,0010,476,1
200234218289,CSKI_MVKI,CSKI-1,0010,986,1
200234218377,CSKI_MVKI,CSKI-1,0010,136,1
200234218530,CSKI_MVKI,CSKI-1,0010,139,1
200234218947,CSKI_MVKI,CSKI-1,0010,107,1
200234219015,CSKI_MVKI,MVKI-1,0005,609,1
200234219447,CSKI_MVKI,MVKI-1,0010,203,1
200234219454,CSKI_MVKI,MVKI-1,0010,107,1
200234219528,CSKI_MVKI,MVKI-1,0010,116,1
200234219529,CSKI_MVKI,MVKI-1,0010,128,1
200234219708,CSKI_MVKI,MVKI-1,0010,203,1
200234220234,CSKI_MVKI,CSKI-1,0010,155,1
200234220236,CSKI_MVKI,CSKI-1,0010,163,1
200234220425,CSKI_MVKI,CSKI-1,0010,171,1
200234220426,CSKI_MVKI,CSKI-1,0010,171,1
200234225550,LVPA,LVPA-5,0010,724,1
200234252868,CSKI_MVKI,MVKI-1,0005,169,1
200234252870,CSKI_MVKI,MVKI-1,0005,109,1
200234252873,CSKI_MVKI,MVKI-1,0005,119,1
200234253117,CSKI_MVKI,MVKI-1,0010,61,1
200234266148,LVPA,LVPA-5,0010,2171,1
200234266152,LVPA,LVPA-5,0010,2171,1
200234266155,LVPA,LVPA-5,0010,1809,1
200234266198,LVPA,LVPA-5,0010,2171,1
200234266202,LVPA,LVPA-5,0010,2171,1
200234266203,LVPA,LVPA-5,0010,1809,1
200234266205,LVPA,LVPA-5,0010,2171,1
200234266206,LVPA,LVPA-5,0010,2171,1
200234266208,LVPA,LVPA-5,0010,1809,1
200234266728,CSKI_MVKI,MVKI-1,0005,165,1
200234266730,CSKI_MVKI,MVKI-1,0010,173,1
200234266734,CSKI_MVKI,MVKI-1,0005,81,1
200234274945,CSKI_MVKI,CSKI-1,0010,1388,1
200234274947,CSKI_MVKI,CSKI-1,0010,1288,1
200234275017,CSKI_MVKI,MVKI-1,0010,74,1
200234275018,CSKI_MVKI,MVKI-1,0010,74,1
200234275022,CSKI_MVKI,CSKI-1,0010,104,1
200234275028,CSKI_MVKI,CSKI-1,0010,117,1
200234275061,CSKI_MVKI,CSKI-1,0010,157,1
200234275070,CSKI_MVKI,CSKI-1,0010,172,1
200234275102,CSKI_MVKI,MVKI-1,0010,2073,1
200234282538,CSKI_MVKI,MVKI-1,0010,222,1
200234283903,LVPA,LVPA-5,0050,98,1
200234292814,CSKI_MVKI,CSKI-1,0010,197,1
200234292937,CSKI_MVKI,MVKI-1,0010,138,1
200234292946,CSKI_MVKI,MVKI-1,0010,136,1
200234303620,CSKI_MVKI,MVKI-1,0010,307,1
200234303625,CSKI_MVKI,MVKI-1,0010,257,1
200234304741,CSKI_MVKI,CSKI-1,0010,106,1
200234311542,CSKI_MVKI,CSKI-1,0010,441,1
200234313079,CSKI_MVKI,CSKI-1,0010,120,1
200234313142,CSKI_MVKI,CSKI-1,0010,198,1
200234313258,CSKI_MVKI,CSKI-1,0010,291,1
200234319705,CSKI_MVKI,MVKI-1,0010,87,1
200234319760,CSKI_MVKI,MVKI-1,0005,132,1
200234320166,CSKI_MVKI,MVKI-1,0010,85,1
200234322883,CSKI_MVKI,CSKI-1,0010,1034,1
200234322886,CSKI_MVKI,CSKI-1,0010,372,1
200234329763,CSKI_MVKI,MVKI-1,0005,125,1
200234330069,CSKI_MVKI,MVKI-1,0005,154,1
200234330071,CSKI_MVKI,MVKI-1,0005,109,1
200234330073,CSKI_MVKI,MVKI-1,0005,237,1
200234330076,CSKI_MVKI,MVKI-1,0010,216,1
200234330239,CSKI_MVKI,MVKI-1,0010,145,1
200234330241,CSKI_MVKI,MVKI-1,0010,130,1
200234340908,LVPA,LVPA-5,0050,35,1
200234340912,LVPA,LVPA-5,0050,52,1
200234341426,LVPA,LVPA-5,0010 → 0020 → 0030,188,3
200234342554,LVPA,LVPA-5,0010 → 0030,21,2
200234342661,LVPA,LVPA-5,0010 → 0030,16,2
200234349634,CSKI_MVKI,MVKI-1,0010,133,1
200234349724,CSKI_MVKI,MVKI-1,0010,222,1
200234350696,CSKI_MVKI,MVKI-1,0005,164,1
200234350816,CSKI_MVKI,MVKI-1,0005,117,1
200234351232,CSKI_MVKI,MVKI-1,0010,687,1
200234352481,CSKI_MVKI,CSKI-1,0010,596,1
200234352681,CSKI_MVKI,CSKI-1,0010,906,1
200234352685,CSKI_MVKI,CSKI-1,0010,1288,1
200234352759,CSKI_MVKI,CSKI-1,0010,1146,1
200234352768,CSKI_MVKI,CSKI-1,0010,118,1
200234353337,CSKI_MVKI,CSKI-1,0010,168,1
200234353345,CSKI_MVKI,CSKI-1,0010,187,1
200234359533,CSKI_MVKI,CSKI-1,0010,112,1
200234361192,CSKI_MVKI,MVKI-1,0010,294,1
200234361577,CSKI_MVKI,MVKI-1,0010,167,1
200234361658,CSKI_MVKI,MVKI-1,0010,173,1
200234361688,CSKI_MVKI,CSKI-1,0010,180,1
200234361690,CSKI_MVKI,CSKI-1,0010,206,1
200234361692,CSKI_MVKI,CSKI-1,0010,114,1
200234362161,CSKI_MVKI,CSKI-1,0010,109,1
200234369342,CSKI_MVKI,MVKI-1,0010,129,1
200234369441,LVPA,LVPA-5,0010,579,1
200234369646,CSKI_MVKI,CSKI-1,0010,565,1
200234369655,CSKI_MVKI,CSKI-1,0010,266,1
200234369656,CSKI_MVKI,CSKI-1,0010,1688,1
200234370680,CSKI_MVKI,MVKI-1,0010,1407,1
200234370681,CSKI_MVKI,CSKI-1,0010,1422,1
200234370684,CSKI_MVKI,CSKI-1,0010,108,1
200234370685,CSKI_MVKI,CSKI-1,0010,145,1
200234370689,CSKI_MVKI,CSKI-1,0010,204,1
200234370690,CSKI_MVKI,CSKI-1,0010,182,1
200234370692,CSKI_MVKI,CSKI-1,0010,172,1
200234370693,CSKI_MVKI,CSKI-1,0010,120,1
200234370694,CSKI_MVKI,CSKI-1,0010,99,1
200234370695,CSKI_MVKI,CSKI-1,0010,112,1
200234370965,CSKI_MVKI,MVKI-1,0005,140,1
200234371756,CSKI_MVKI,CSKI-1,0010,82,1
200234377305,CSKI_MVKI,MVKI-1,0010,293,1
200234377450,CSKI_MVKI,CSKI-1,0010,97,1
200234378843,CSKI_MVKI,CSKI-1,0010,487,1
200234378853,CSKI_MVKI,CSKI-1,0010,655,1
200234378856,CSKI_MVKI,CSKI-1,0010,105,1
200234379003,CSKI_MVKI,CSKI-1,0010,408,1
200234379004,CSKI_MVKI,CSKI-1,0010,301,1
200234379409,CSKI_MVKI,MVKI-1,0010,60,1
200234379412,CSKI_MVKI,MVKI-1,0005,120,1
200234379581,CSKI_MVKI,MVKI-1,0005,95,1
200234379582,CSKI_MVKI,MVKI-1,0010,87,1
200234379596,CSKI_MVKI,MVKI-1,0005,164,1
200234379766,CSKI_MVKI,MVKI-1,0010,257,1
200234379832,CSKI_MVKI,CSKI-1,0010,109,1
200234396592,CSKI_MVKI,CSKI-1,0010,718,1
200234396593,CSKI_MVKI,CSKI-1,0010,693,1
200234397498,CSKI_MVKI,MVKI-1,0010,102,1
200234397670,CSKI_MVKI,MVKI-1,0005,90,1
200234397800,CSKI_MVKI,MVKI-1,0005,204,1
200234400123,LVPA,LVPA-5,0010 → 0030,34,2
200234400125,LVPA,LVPA-5,0010 → 0030,17,2
200234418416,LVPA,LVPA-5,0010 → 0030,13,2
200234418538,LVPA,LVPA-5,0010 → 0030,13,2
200234418662,LVPA,LVPA-5,0010 → 0030,136,2
200234418667,LVPA,LVPA-5,0010 → 0030,49,2
200234419562,LVPA,LVPA-5,0010,532,1
200234423009,LVPA,LVPA-5,0010,362,1
200234423013,LVPA,LVPA-2 / LVPA-5,0005 → 0010,2059,2
200234423248,LVPA,LVPA-2 / LVPA-5,0010 → 0020,41,2
200234423413,LVPA,LVPA-2 / LVPA-5,0010 → 0020,115,2
200234424741,CSKI_MVKI,MVKI-1,0010,166,1
200234424746,CSKI_MVKI,MVKI-1,0005,192,1
200234424749,CSKI_MVKI,MVKI-1,0005,222,1
200234425506,CSKI_MVKI,CSKI-1,0010,115,1
200234437986,CSKI_MVKI,MVKI-1,0010,222,1
200234440565,CSKI_MVKI,CSKI-1,0010,584,1
200234440567,CSKI_MVKI,CSKI-1,0010,103,1
200234440568,CSKI_MVKI,CSKI-1,0010,110,1
200234440569,CSKI_MVKI,CSKI-1,0010,103,1
200234440572,CSKI_MVKI,CSKI-1,0010,88,1
200234440573,CSKI_MVKI,CSKI-1,0010,1288,1
200234440574,CSKI_MVKI,CSKI-1,0010,187,1
200234440575,CSKI_MVKI,MVKI-1,0010,740,1
200234445076,CSKI_MVKI,MVKI-1,0005,981,1
200234445202,CSKI_MVKI,MVKI-1,0005,3901,1
200234445207,CSKI_MVKI,MVKI-1,0005,71,1
200234445211,CSKI_MVKI,MVKI-1,0005,85,1
200234447322,CSKI_MVKI,MVKI-1,0010,353,1
200234447326,CSKI_MVKI,MVKI-1,0010,133,1
200234447522,CSKI_MVKI,MVKI-1,0010,201,1
200234448420,LVPA,LVPA-2 / LVPA-5,0005 → 0010,1647,2
200234448433,LVPA,LVPA-2 / LVPA-5,0005 → 0010,2059,2
200234458399,CSKI_MVKI,MVKI-1,0010,116,1
200234458402,CSKI_MVKI,MVKI-1,0010,78,1
200234458404,CSKI_MVKI,MVKI-1,0010,119,1
200234458408,CSKI_MVKI,MVKI-1,0010,120,1
200234458842,CSKI_MVKI,MVKI-1,0005,101,1
200234458844,CSKI_MVKI,MVKI-1,0005,207,1
200234459100,CSKI_MVKI,MVKI-1,0010,52,1
200234459804,LVPA,LVPA-2 / LVPA-5,0005 → 0010,2059,2
200234459805,CSKI_MVKI,CSKI-1,0010,240,1
200234459806,LVPA,LVPA-2 / LVPA-5,0005 → 0010,2059,2
200234459813,CSKI_MVKI,CSKI-1,0010,261,1
200234459816,CSKI_MVKI,CSKI-1,0010,200,1
200234459982,CSKI_MVKI,CSKI-1,0010,198,1
200234459983,CSKI_MVKI,CSKI-1,0010,198,1
200234460041,CSKI_MVKI,CSKI-1,0010,109,1
200234460047,CSKI_MVKI,CSKI-1,0010,222,1
200234460137,CSKI_MVKI,CSKI-1,0010,114,1
200234460144,CSKI_MVKI,CSKI-1,0010,779,1
200234460149,CSKI_MVKI,CSKI-1,0010,176,1
200234460150,CSKI_MVKI,CSKI-1,0010,176,1
200234460151,CSKI_MVKI,CSKI-1,0010,986,1
200234460152,CSKI_MVKI,CSKI-1,0010,146,1
200234460286,LVPA,LVPA-2 / LVPA-5,0010 → 0020,577,2
200234460294,LVPA,LVPA-5,0010,200,1
200234460296,LVPA,LVPA-2 / LVPA-5,0010 → 0020,288,2
200234460338,LVPA,LVPA-2 / LVPA-5,0010 → 0020,84,2
200234460343,LVPA,LVPA-5,0010,362,1
200234460345,LVPA,LVPA-5,0010,217,1
200234460347,LVPA,LVPA-2 / LVPA-5,0010 → 0020,288,2
200234460351,LVPA,LVPA-2 / LVPA-5,0010 → 0020,167,2
200234460353,LVPA,LVPA-5,0010,724,1
200234460521,CSKI_MVKI,CSKI-1,0010,128,1
200234460527,CSKI_MVKI,CSKI-1,0010,141,1
200234460528,CSKI_MVKI,CSKI-1,0010,291,1
200234460719,CSKI_MVKI,CSKI-1,0010,117,1
200234460721,CSKI_MVKI,CSKI-1,0010,90,1
200234460779,CSKI_MVKI,CSKI-1,0010 → 0020,506,2
200234460785,CSKI_MVKI,MVKI-1,0010,740,1
200234460793,CSKI_MVKI,CSKI-1,0010,161,1
200234460794,CSKI_MVKI,CSKI-1,0010,117,1
200234460886,CSKI_MVKI,CSKI-1,0010,225,1
200234460888,CSKI_MVKI,CSKI-1,0010 → 0020,241,2
200234460891,CSKI_MVKI,CSKI-1,0010,188,1
200234460895,CSKI_MVKI,CSKI-1,0010,122,1
200234460896,CSKI_MVKI,CSKI-1,0010,104,1
200234460977,CSKI_MVKI,CSKI-1,0010,104,1
200234460980,CSKI_MVKI,CSKI-1,0010,158,1
200234460982,CSKI_MVKI,CSKI-1,0010,158,1
200234460990,CSKI_MVKI,CSKI-1,0010,869,1
200234461099,CSKI_MVKI,CSKI-1,0010,582,1
200234461103,CSKI_MVKI,CSKI-1,0010,307,1
200234461105,CSKI_MVKI,CSKI-1,0010,111,1
200234461108,CSKI_MVKI,CSKI-1,0010,91,1
200234461109,CSKI_MVKI,CSKI-1,0010,91,1
200234461112,CSKI_MVKI,CSKI-1,0010,165,1
200234461115,CSKI_MVKI,CSKI-1,0010,470,1
200234466672,CSKI_MVKI,MVKI-1,0010,335,1
200234466674,CSKI_MVKI,MVKI-1,0005,184,1
200234466676,CSKI_MVKI,MVKI-1,0005,70,1
200234467101,CSKI_MVKI,MVKI-1,0005,94,1
200234467102,CSKI_MVKI,MVKI-1,0005,94,1
200234467109,CSKI_MVKI,MVKI-1,0010,461,1
200234467113,CSKI_MVKI,MVKI-1,0005,104,1
200234467230,CSKI_MVKI,MVKI-1,0005,168,1
200234468311,CSKI_MVKI,MVKI-1,0010,294,1
200234468315,CSKI_MVKI,MVKI-1,0005,79,1
200234468422,CSKI_MVKI,MVKI-1,0005,98,1
200234473203,CSKI_MVKI,MVKI-1,0005,211,1
200234473290,CSKI_MVKI,MVKI-1,0005,762,1
200234476085,CSKI_MVKI,MVKI-1,0005,103,1
200234476117,CSKI_MVKI,MVKI-1,0010,133,1
200234476173,LVPA,LVPA-2 / LVPA-5,0010 → 0025,430,2
200234476188,CSKI_MVKI,MVKI-1,0005,106,1
200234476190,CSKI_MVKI,MVKI-1,0010,279,1
200234476339,CSKI_MVKI,MVKI-1,0010,172,1
200234476378,LVPA,LVPA-2 / LVPA-5,0010 → 0025,126,2
200234476380,LVPA,LVPA-2 / LVPA-5,0010 → 0025,537,2
200234476381,LVPA,LVPA-2 / LVPA-5,0010 → 0025,323,2
200234476382,LVPA,LVPA-2 / LVPA-5,0010 → 0025,537,2
200234476383,LVPA,LVPA-5,0010,347,1
200234476385,LVPA,LVPA-5,0010,107,1
200234476388,LVPA,LVPA-5,0010,107,1
200234476394,LVPA,LVPA-5,0010,266,1
200234476477,LVPA,LVPA-5,0010,400,1
200234489537,CSKI_MVKI,MVKI-1,0010,104,1
200234489549,CSKI_MVKI,MVKI-1,0010,222,1
200234489617,CSKI_MVKI,MVKI-1,0010,120,1
200234489733,LVPA,LVPA-2 / LVPA-5,0010 → 0020,170,2
200234489734,LVPA,LVPA-2 / LVPA-5,0010 → 0020,170,2
200234489735,LVPA,LVPA-2 / LVPA-5,0010 → 0020,170,2
200234489736,LVPA,LVPA-2 / LVPA-5,0010 → 0020,170,2
200234489777,LVPA,LVPA-2 / LVPA-5,0010 → 0020,170,2
200234489779,LVPA,LVPA-2 / LVPA-5,0010 → 0020,170,2
200234489780,LVPA,LVPA-2 / LVPA-5,0010 → 0020,170,2
200234489782,LVPA,LVPA-2 / LVPA-5,0010 → 0020,170,2
200234489783,LVPA,LVPA-2 / LVPA-5,0010 → 0020,170,2
200234489784,LVPA,LVPA-2 / LVPA-5,0010 → 0020,170,2
200234489788,LVPA,LVPA-2 / LVPA-5,0010 → 0020,5,2
200234489790,LVPA,LVPA-2 / LVPA-5,0010 → 0020,45,2
200234489791,LVPA,LVPA-2 / LVPA-5,0010 → 0020,45,2
200234489792,LVPA,LVPA-2 / LVPA-5,0010 → 0020,45,2
200234489793,LVPA,LVPA-2 / LVPA-5,0010 → 0020,45,2
200234489794,LVPA,LVPA-2 / LVPA-5,0010 → 0020,45,2
200234489795,LVPA,LVPA-2 / LVPA-5,0010 → 0020,45,2
200234489796,LVPA,LVPA-2 / LVPA-5,0010 → 0020,45,2
200234489837,LVPA,LVPA-2 / LVPA-5,0010 → 0020,45,2
200234489838,LVPA,LVPA-2 / LVPA-5,0010 → 0020,45,2
200234489839,LVPA,LVPA-2 / LVPA-5,0010 → 0020,45,2
200234489840,LVPA,LVPA-2 / LVPA-5,0010 → 0020,45,2
200234489841,LVPA,LVPA-2 / LVPA-5,0010 → 0020,45,2
200234489842,LVPA,LVPA-2 / LVPA-5,0010 → 0020,45,2
200234489843,LVPA,LVPA-2 / LVPA-5,0010 → 0020,45,2
200234489844,LVPA,LVPA-2 / LVPA-5,0010 → 0020,45,2
200234489846,LVPA,LVPA-2 / LVPA-5,0010 → 0020,45,2
200234489848,LVPA,LVPA-2 / LVPA-5,0010 → 0020,227,2
200234489849,LVPA,LVPA-2 / LVPA-5,0010 → 0020,227,2
200234489851,LVPA,LVPA-2 / LVPA-5,0010 → 0020,227,2
200234489854,LVPA,LVPA-2 / LVPA-5,0010 → 0020,227,2
200234489897,LVPA,LVPA-2 / LVPA-5,0010 → 0020,227,2
200234489899,LVPA,LVPA-2 / LVPA-5,0010 → 0020,227,2
200234489900,LVPA,LVPA-2 / LVPA-5,0010 → 0020,227,2
200234489901,LVPA,LVPA-2 / LVPA-5,0010 → 0020,227,2
200234489902,LVPA,LVPA-2 / LVPA-5,0010 → 0020,227,2
200234489903,LVPA,LVPA-2 / LVPA-5,0010 → 0020,227,2
200234489905,LVPA,LVPA-2 / LVPA-5,0010 → 0020,227,2
200234489906,LVPA,LVPA-2 / LVPA-5,0010 → 0020,227,2
200234489908,LVPA,LVPA-2 / LVPA-5,0010 → 0020,227,2
200234489909,LVPA,LVPA-2 / LVPA-5,0010 → 0020,227,2
200234489910,LVPA,LVPA-2 / LVPA-5,0010 → 0020,227,2
200234489911,LVPA,LVPA-2 / LVPA-5,0010 → 0020,227,2
200234490388,LVPA,LVPA-2 / LVPA-5,0010 → 0025,99,2
200234490390,LVPA,LVPA-5,0010,107,1
200234490392,LVPA,LVPA-2 / LVPA-5,0005 → 0010,206,2
200234490393,LVPA,LVPA-2 / LVPA-5,0010 → 0025,537,2
200234490395,LVPA,LVPA-5,0010,362,1
200234490396,LVPA,LVPA-2 / LVPA-5,0010 → 0025,132,2
200234490480,LVPA,LVPA-2 / LVPA-5,0010 → 0020,290,2
200234490487,LVPA,LVPA-2 / LVPA-5,0010 → 0020,824,2
200234490488,LVPA,LVPA-2 / LVPA-5,0010 → 0020,272,2
200234490495,LVPA,LVPA-2 / LVPA-5,0005 → 0010,1235,2
200234490616,LVPA,LVPA-2 / LVPA-5,0005 → 0010,1235,2
200234496027,CSKI_MVKI,MVKI-1,0010,136,1
200234496033,CSKI_MVKI,MVKI-1,0010,197,1
200234496056,LVPA,LVPA-5,0010,289,1
200234496220,CSKI_MVKI,MVKI-1,0010,163,1
200234496221,CSKI_MVKI,MVKI-1,0010,180,1
200234496224,CSKI_MVKI,MVKI-1,0010,222,1
200234505984,CSKI_MVKI,CSKI-1,0010,724,1
200234507193,CSKI_MVKI,MVKI-1,0005,184,1
200234507206,CSKI_MVKI,MVKI-1,0010,207,1
200234507255,CSKI_MVKI,CSKI-1,0010,727,1
200234507333,CSKI_MVKI,MVKI-1,0005,148,1
200234507358,CSKI_MVKI,MVKI-1,0010,303,1
200234509783,LVPA,LVPA-5,0050,21,1
200234509791,LVPA,LVPA-5,0050,40,1
200234509792,LVPA,LVPA-5,0050,37,1
200234510162,LVPA,LVPA-5,0010 → 0030,282,2
200234510163,LVPA,LVPA-5,0010 → 0030,250,2
200234510164,LVPA,LVPA-5,0010 → 0030,125,2
200234510165,LVPA,LVPA-5,0010 → 0030,125,2
200234514442,LVPA,LVPA-5,0050,108,1
200234516691,CSKI_MVKI,CSKI-1,0010,94,1
200234516959,CSKI_MVKI,CSKI-1,0010,420,1
200234516970,CSKI_MVKI,CSKI-1,0010,87,1
200234516974,CSKI_MVKI,CSKI-1,0010 → 0020,180,2
200234517068,LVPA,LVPA-5,0010,2423,1
200234517138,CSKI_MVKI,CSKI-1,0010,205,1
200234517141,CSKI_MVKI,CSKI-1,0010,121,1
200234517142,CSKI_MVKI,CSKI-1,0010,1980,1
200234517491,LVPA,LVPA-5,0050,33,1
200234517493,LVPA,LVPA-5,0010 → 0030,30,2
200234517767,LVPA,LVPA-5,0050,86,1
200234517775,LVPA,LVPA-5,0010 → 0030,52,2
200234517878,LVPA,LVPA-5,0010 → 0030,52,2
200234517882,LVPA,LVPA-5,0010 → 0030,69,2
200234517886,LVPA,LVPA-5,0010 → 0030,225,2
200234517929,LVPA,LVPA-5,0050,39,1
200234517931,LVPA,LVPA-5,0050,31,1
200234518037,CSKI_MVKI,CSKI-1,0010,1088,1
200234518038,CSKI_MVKI,CSKI-1,0010,1088,1
200234518039,CSKI_MVKI,CSKI-1,0010,1088,1
200234518040,CSKI_MVKI,CSKI-1,0010,422,1
200234518044,CSKI_MVKI,CSKI-1,0010,657,1
200234518048,CSKI_MVKI,CSKI-1,0010,109,1
200234518317,LVPA,LVPA-5,0010 → 0030,489,2
200234518331,LVPA,LVPA-5,0010 → 0030,48,2
200234518380,CSKI_MVKI,CSKI-1,0010 → 0020,322,2
200234518384,CSKI_MVKI,CSKI-1,0010,391,1
200234518388,CSKI_MVKI,CSKI-1,0010,144,1
200234518754,CSKI_MVKI,CSKI-1,0010,169,1
200234519512,LVPA,LVPA-5,0010 → 0030,117,2
200234519778,LVPA,LVPA-5,0010 → 0030,138,2
200234519779,LVPA,LVPA-5,0010 → 0030,128,2
200234519781,LVPA,LVPA-5,0010 → 0030,203,2
200234519785,LVPA,LVPA-5,0010 → 0030,234,2
200234519786,LVPA,LVPA-5,0050,66,1
200234519838,LVPA,LVPA-5,0010 → 0030,46,2
200234519840,LVPA,LVPA-5,0010 → 0030,72,2
200234525644,CSKI_MVKI,MVKI-1,0010,120,1
200234526782,CSKI_MVKI,MVKI-1,0005,94,1
200234526794,CSKI_MVKI,MVKI-1,0005,184,1
200234526873,LVPA,LVPA-5,0010 → 0030,98,2
200234526874,LVPA,LVPA-5,0010 → 0030,59,2
200234526876,LVPA,LVPA-5,0010 → 0030,271,2
200234526950,CSKI_MVKI,MVKI-1,0010,207,1
200234527057,LVPA,LVPA-5,0010 → 0030,26,2
200234527403,LVPA,LVPA-5,0010 → 0030,136,2
200234527404,LVPA,LVPA-5,0010 → 0030,54,2
200234527566,LVPA,LVPA-5,0010 → 0030,66,2
200234527569,LVPA,LVPA-5,0010 → 0030,107,2
200234527571,LVPA,LVPA-5,0010 → 0030,282,2
200234527592,CSKI_MVKI,MVKI-1,0005,219,1
200234527596,CSKI_MVKI,MVKI-1,0005,146,1
200234527780,CSKI_MVKI,MVKI-1,0005,94,1
200234527785,CSKI_MVKI,MVKI-1,0010,257,1
200234536874,CSKI_MVKI,CSKI-1,0010,787,1
200234536876,CSKI_MVKI,CSKI-1,0010,787,1
200234537322,CSKI_MVKI,CSKI-1,0010,339,1
200234537328,CSKI_MVKI,CSKI-1,0010,943,1
200234545884,CSKI_MVKI,MVKI-1,0010,125,1
200234545885,CSKI_MVKI,MVKI-1,0010,143,1
200234545886,CSKI_MVKI,MVKI-1,0010,143,1
200234545887,CSKI_MVKI,MVKI-1,0010,143,1
200234546201,CSKI_MVKI,MVKI-1,0005,1023,1
200234546280,CSKI_MVKI,CSKI-1,0010,592,1
200234546396,CSKI_MVKI,MVKI-1,0010,129,1
200234546460,CSKI_MVKI,MVKI-1,0005,95,1
200234546465,CSKI_MVKI,MVKI-1,0010,126,1
200234546468,CSKI_MVKI,MVKI-1,0005,95,1
200234546473,CSKI_MVKI,MVKI-1,0005,125,1
200234546617,CSKI_MVKI,MVKI-1,0010,96,1
200234546626,CSKI_MVKI,MVKI-1,0005,98,1
200234547620,CSKI_MVKI,MVKI-1,0005,1325,1
200234547627,CSKI_MVKI,MVKI-1,0010,315,1
200234550241,LVPA,LVPA-5,0010,200,1
200234550243,LVPA,LVPA-5,0010,1066,1
200234550245,LVPA,LVPA-2 / LVPA-5,0010 → 0025,126,2
200234550252,LVPA,LVPA-5,0010,362,1
200234550253,LVPA,LVPA-2 / LVPA-5,0010 → 0025,124,2
200234550254,LVPA,LVPA-2 / LVPA-5,0010 → 0025,124,2
200234550256,LVPA,LVPA-2 / LVPA-5,0010 → 0025,126,2
200234550334,LVPA,LVPA-2 / LVPA-5,0005 → 0010,1235,2
200234550335,LVPA,LVPA-2 / LVPA-5,0005 → 0010,824,2
200234550576,LVPA,LVPA-2 / LVPA-5,0010 → 0025,8,2
200234550700,LVPA,LVPA-5,0010,289,1
200234550703,LVPA,LVPA-2 / LVPA-5,0005 → 0010,412,2
200234555445,CSKI_MVKI,CSKI-1,0010,1034,1
200234555450,CSKI_MVKI,CSKI-1,0010,86,1
200234555539,CSKI_MVKI,CSKI-1,0010,141,1
200234555552,CSKI_MVKI,CSKI-1,0010,152,1
200234555554,CSKI_MVKI,CSKI-1,0010,188,1
200234555662,CSKI_MVKI,CSKI-1,0010,206,1
200234555665,CSKI_MVKI,CSKI-1,0010,720,1
200234555666,CSKI_MVKI,CSKI-1,0010,128,1
200234555670,CSKI_MVKI,CSKI-1,0010,93,1
200234555856,LVPA,LVPA-5,0010,107,1
200234555860,CSKI_MVKI,CSKI-1,0010,152,1
200234555938,CSKI_MVKI,CSKI-1,0010,160,1
200234555939,CSKI_MVKI,CSKI-1,0010,160,1
200234555941,CSKI_MVKI,CSKI-1,0010,159,1
200234555951,CSKI_MVKI,CSKI-1,0010,89,1
200234555954,CSKI_MVKI,CSKI-1,0010,97,1
200234556297,CSKI_MVKI,CSKI-1,0010,97,1
200234556300,CSKI_MVKI,CSKI-1,0010,157,1
200234556425,LVPA,LVPA-2 / LVPA-5,0005 → 0010,2059,2
200234556429,LVPA,LVPA-5,0010,724,1
200234556791,LVPA,LVPA-5,0010,200,1
200234556792,LVPA,LVPA-5,0010,107,1
200234556793,LVPA,LVPA-2 / LVPA-5,0005 → 0010,824,2
200234557004,LVPA,LVPA-2 / LVPA-5,0005 → 0010,824,2
200234557007,LVPA,LVPA-2 / LVPA-5,0005 → 0010,1235,2
200234557314,LVPA,LVPA-5,0010,362,1
200234557380,LVPA,LVPA-5,0010,289,1
200234557382,LVPA,LVPA-5,0010,289,1
200234557384,LVPA,LVPA-5,0010,362,1
200234558308,CSKI_MVKI,MVKI-1,0010,487,1
200234558464,CSKI_MVKI,MVKI-1,0005,575,1
200234558474,CSKI_MVKI,MVKI-1,0010,353,1
200234558657,CSKI_MVKI,MVKI-1,0010,148,1
200234558660,CSKI_MVKI,MVKI-1,0005,80,1
200234558662,CSKI_MVKI,MVKI-1,0010,122,1
200234558669,CSKI_MVKI,MVKI-1,0005,334,1
200234565272,CSKI_MVKI,CSKI-1,0010,388,1
200234566929,CSKI_MVKI,MVKI-1,0005,68,1
200234567164,CSKI_MVKI,MVKI-1,0005,109,1
200234567168,CSKI_MVKI,MVKI-1,0005,96,1
200234567171,CSKI_MVKI,MVKI-1,0005,103,1
200234567297,CSKI_MVKI,MVKI-1,0005,94,1
200234567298,CSKI_MVKI,MVKI-1,0010,294,1
200234567656,LVPA,LVPA-2 / LVPA-5,0005 → 0010,412,2
200234567878,LVPA,LVPA-2 / LVPA-5,0005 → 0010,412,2
200234567884,LVPA,LVPA-2 / LVPA-5,0005 → 0010,21,2
200234567886,LVPA,LVPA-2 / LVPA-5,0005 → 0010,21,2
200234567893,LVPA,LVPA-2 / LVPA-5,0005 → 0010,46,2
200234567894,LVPA,LVPA-2 / LVPA-5,0005 → 0010,49,2
200234567895,LVPA,LVPA-2 / LVPA-5,0005 → 0010,58,2
200234567997,LVPA,LVPA-2 / LVPA-5,0005 → 0010,78,2
200234568168,CSKI_MVKI,MVKI-1,0005,148,1
200234568169,CSKI_MVKI,MVKI-1,0005,274,1
200234568172,CSKI_MVKI,MVKI-1,0005,236,1
200234568585,LVPA,LVPA-5,0050,80,1
200234568588,LVPA,LVPA-5,0050,98,1
200234568589,LVPA,LVPA-5,0050,61,1
200234576762,LVPA,LVPA-5,0010 → 0030,113,2
200234576763,LVPA,LVPA-5,0010 → 0030,113,2
200234576764,LVPA,LVPA-5,0010 → 0030,13,2
200234576767,LVPA,LVPA-5,0010 → 0030,19,2
200234576768,LVPA,LVPA-5,0010 → 0030,26,2
200234576771,LVPA,LVPA-5,0050,11,1
200234576774,LVPA,LVPA-5,0010 → 0030,8,2
200234576775,LVPA,LVPA-5,0050,19,1
200234576841,LVPA,LVPA-5,0050,11,1
200234576844,LVPA,LVPA-5,0010 → 0030,62,2
200234576849,LVPA,LVPA-5,0050,29,1
200234576852,LVPA,LVPA-5,0050,49,1
200234577881,LVPA,LVPA-5,0010 → 0030,23,2
200234577891,LVPA,LVPA-5,0010 → 0030,128,2
200234582854,CSKI_MVKI,MVKI-1,0010,234,1
200234583092,LVPA,LVPA-5,0050,1,1
200234583314,CSKI_MVKI,MVKI-1,0010,57,1
200234583316,CSKI_MVKI,MVKI-1,0010,54,1
200234583340,LVPA,LVPA-5,0010 → 0030,271,2
200234583341,LVPA,LVPA-5,0010 → 0030,91,2
200234583345,LVPA,LVPA-5,0010 → 0030,226,2
200234583346,LVPA,LVPA-5,0010 → 0030,136,2
200234583350,LVPA,LVPA-5,0010 → 0030,31,2
200234583354,LVPA,LVPA-5,0010 → 0030,49,2
200234583417,LVPA,LVPA-5,0010 → 0030,136,2
200234583420,LVPA,LVPA-5,0010 → 0030,87,2
200234583422,LVPA,LVPA-5,0010 → 0030,87,2
200234583425,LVPA,LVPA-5,0050,11,1
200234583427,LVPA,LVPA-5,0050,10,1
200234583430,LVPA,LVPA-5,0010 → 0030,69,2
200234583431,LVPA,LVPA-5,0010 → 0030,87,2
200234583434,LVPA,LVPA-5,0010 → 0030,49,2
200234583469,CSKI_MVKI,MVKI-1,0010,186,1
200234583500,LVPA,LVPA-5,0010 → 0030,72,2
200234583505,LVPA,LVPA-5,0010 → 0030,72,2
200234583510,LVPA,LVPA-5,0010 → 0030,310,2
200234583538,LVPA,LVPA-5,0010 → 0020,203,2
200234585691,CSKI_MVKI,CSKI-1,0010,113,1
200234585830,CSKI_MVKI,CSKI-1,0010,456,1
200234585831,CSKI_MVKI,CSKI-1,0010,113,1
200234585832,CSKI_MVKI,CSKI-1,0010,128,1
200234585979,CSKI_MVKI,CSKI-1,0010,261,1
200234585981,CSKI_MVKI,CSKI-1,0010,110,1
200234585982,CSKI_MVKI,CSKI-1,0010,128,1
200234585983,CSKI_MVKI,CSKI-1,0010,117,1
200234585984,CSKI_MVKI,CSKI-1,0010,164,1
200234585985,CSKI_MVKI,CSKI-1,0010,165,1
200234585986,CSKI_MVKI,CSKI-1,0010,145,1
200234585988,CSKI_MVKI,CSKI-1,0010,164,1
200234585989,CSKI_MVKI,CSKI-1,0010,164,1
200234585990,CSKI_MVKI,CSKI-1,0010,107,1
200234585991,CSKI_MVKI,CSKI-1,0010,137,1
200234585993,CSKI_MVKI,CSKI-1,0010,95,1
200234585994,CSKI_MVKI,CSKI-1,0010,92,1
200234586088,CSKI_MVKI,CSKI-1,0010,104,1
200234586419,LVPA,LVPA-2 / LVPA-5,0005 → 0010,824,2
200234586421,LVPA,LVPA-2 / LVPA-5,0005 → 0010,824,2
200234591298,CSKI_MVKI,MVKI-1,0010,392,1
200234591306,CSKI_MVKI,MVKI-1,0010,469,1
200234591308,CSKI_MVKI,MVKI-1,0005,82,1
200234591310,CSKI_MVKI,MVKI-1,0005,94,1
200234591313,CSKI_MVKI,MVKI-1,0005,125,1
200234591314,CSKI_MVKI,MVKI-1,0005,95,1
200234591316,CSKI_MVKI,MVKI-1,0005,110,1
200234592347,CSKI_MVKI,MVKI-1,0005,93,1
200234592348,CSKI_MVKI,MVKI-1,0010,125,1
200234592351,CSKI_MVKI,MVKI-1,0010,138,1
200234592639,CSKI_MVKI,MVKI-1,0010,222,1
200234592645,CSKI_MVKI,MVKI-1,0010,173,1
200234592646,CSKI_MVKI,MVKI-1,0010,173,1
200234592648,CSKI_MVKI,MVKI-1,0010,315,1
200234592649,CSKI_MVKI,MVKI-1,0010,487,1
200234592651,CSKI_MVKI,MVKI-1,0010,303,1
200234594772,LVPA,LVPA-5,0010,2423,1
200234595137,LVPA,LVPA-5,0050,431,1
200234595141,LVPA,LVPA-5,0050,94,1
200234595485,LVPA,LVPA-5,0010 → 0030,53,2
200234598671,CSKI_MVKI,CSKI-1,0010,118,1
200234598676,CSKI_MVKI,CSKI-1,0010,134,1
200234601051,CSKI_MVKI,MVKI-1,0010,137,1
200234601201,LVPA,LVPA-2 / LVPA-5,0005 → 0010,824,2
200234601781,CSKI_MVKI,MVKI-1,0010,81,1
200234601807,CSKI_MVKI,MVKI-1,0010,112,1
200234601886,CSKI_MVKI,MVKI-1,0010,193,1
200234601887,CSKI_MVKI,MVKI-1,0010,108,1
200234601964,LVPA,LVPA-5,0010,333,1
200234601965,LVPA,LVPA-5,0010,304,1
200234601966,LVPA,LVPA-2 / LVPA-5,0005 → 0010,412,2
200234601969,LVPA,LVPA-2 / LVPA-5,0005 → 0010,2059,2
200234601975,LVPA,LVPA-2 / LVPA-5,0005 → 0010,2059,2
200234602077,CSKI_MVKI,MVKI-1,0010,81,1
200234602097,LVPA,LVPA-2 / LVPA-5,0005 → 0010,2059,2
200234602100,LVPA,LVPA-2 / LVPA-5,0005 → 0010,2059,2
200234602101,LVPA,LVPA-2 / LVPA-5,0005 → 0010,2059,2
200234602379,LVPA,LVPA-5,0010,200,1
200234602381,LVPA,LVPA-2 / LVPA-5,0010 → 0020,126,2
200234602385,LVPA,LVPA-5,0010,362,1
200234602386,LVPA,LVPA-5,0010,232,1
200234602388,LVPA,LVPA-5,0010,72,1
200234603031,LVPA,LVPA-5,0010 → 0030,271,2
200234603032,LVPA,LVPA-5,0010 → 0030,34,2
200234603033,LVPA,LVPA-5,0010 → 0030,226,2
200234603034,LVPA,LVPA-5,0010 → 0030,226,2
200234609641,LVPA,LVPA-5,0010 → 0020 → 0030,264,3
200234609646,LVPA,LVPA-5,0010 → 0020 → 0030,188,3
200234609649,LVPA,LVPA-5,0010 → 0030,224,2
200234609650,LVPA,LVPA-5,0010 → 0030,32,2
200234609651,LVPA,LVPA-5,0050,5,1
200234609652,LVPA,LVPA-5,0010 → 0030,6,2
200234609653,LVPA,LVPA-5,0010 → 0020 → 0030,188,3
200234609654,LVPA,LVPA-5,0010 → 0020 → 0030,188,3
200234609717,LVPA,LVPA-5,0010 → 0020 → 0030,188,3
200234609719,LVPA,LVPA-5,0010 → 0030,27,2
200234609721,LVPA,LVPA-5,0010 → 0030,27,2
200234609725,LVPA,LVPA-5,0010 → 0030,72,2
200234609799,LVPA,LVPA-5,0010 → 0030,125,2
200234609802,LVPA,LVPA-5,0010 → 0030,169,2
200234609803,LVPA,LVPA-5,0010 → 0030,169,2
200234609806,LVPA,LVPA-5,0010 → 0030,96,2
200234609809,LVPA,LVPA-5,0010 → 0030,67,2
200234609811,LVPA,LVPA-5,0010 → 0030,96,2
200234609814,LVPA,LVPA-5,0010 → 0030,75,2
200234609862,LVPA,LVPA-5,0010 → 0030,77,2
200234609865,LVPA,LVPA-5,0010 → 0030,3,2
200234610057,LVPA,LVPA-5,0050,309,1
200234610060,LVPA,LVPA-5,0050,1,1
200234610062,LVPA,LVPA-5,0010 → 0030,342,2
200234610065,LVPA,LVPA-5,0010 → 0030,192,2
200234610071,LVPA,LVPA-5,0020,11,1
200234610097,CSKI_MVKI,CSKI-1,0010,138,1
200234610099,CSKI_MVKI,CSKI-1,0010,134,1
200234610102,CSKI_MVKI,CSKI-1,0010,87,1
200234610106,CSKI_MVKI,CSKI-1,0010,97,1
200234610107,CSKI_MVKI,CSKI-1,0010,133,1
200234610117,LVPA,LVPA-5,0010 → 0030,288,2
200234610118,LVPA,LVPA-5,0010 → 0030,128,2
200234610119,LVPA,LVPA-5,0010 → 0030,244,2
200234610121,LVPA,LVPA-5,0010 → 0030,226,2
200234610123,LVPA,LVPA-5,0010 → 0030,46,2
200234610127,LVPA,LVPA-5,0010 → 0020,54,2
200234610128,LVPA,LVPA-5,0010 → 0020,58,2
200234610129,LVPA,LVPA-5,0010 → 0030,70,2
200234610130,LVPA,LVPA-5,0010 → 0030,59,2
200234610131,LVPA,LVPA-5,0010 → 0030,59,2
200234610132,LVPA,LVPA-5,0010 → 0030,90,2
200234610135,LVPA,LVPA-5,0050,123,1
200234610136,LVPA,LVPA-5,0050,173,1
200234610257,LVPA,LVPA-5,0050,48,1
200234610259,LVPA,LVPA-5,0010 → 0030,66,2
200234610260,LVPA,LVPA-5,0010 → 0030,66,2
200234610261,LVPA,LVPA-5,0010 → 0030,69,2
200234610262,LVPA,LVPA-5,0010 → 0030,320,2
200234610263,LVPA,LVPA-5,0050,4,1
200234617278,LVPA,LVPA-5,0010 → 0030,16,2
200234617419,LVPA,LVPA-2 / LVPA-5,0010 → 0020,129,2
200234617420,LVPA,LVPA-2 / LVPA-5,0010 → 0020,203,2
200234617918,CSKI_MVKI,MVKI-1,0010,279,1
200234617919,CSKI_MVKI,MVKI-1,0010,279,1
200234617924,CSKI_MVKI,MVKI-1,0010,257,1
200234624696,CSKI_MVKI,CSKI-1,0010,195,1
200234624959,CSKI_MVKI,CSKI-1,0010,332,1
200234627052,LVPA,LVPA-5,0050,24,1
200234627054,LVPA,LVPA-5,0010 → 0030,154,2
200234628413,LVPA,LVPA-5,0050,38,1
200234628478,LVPA,LVPA-5,0050,28,1
200234628518,LVPA,LVPA-5,0010 → 0030,450,2
200234628531,LVPA,LVPA-5,0010 → 0030,167,2
200234628534,LVPA,LVPA-5,0010 → 0030,416,2
200234628637,LVPA,LVPA-2 / LVPA-5,0010 → 0025,165,2
200234628638,LVPA,LVPA-5,0010,107,1
200234628679,LVPA,LVPA-5,0010,724,1
200234628755,LVPA,LVPA-2 / LVPA-5,0010 → 0025,249,2
200234628756,LVPA,LVPA-2 / LVPA-5,0010 → 0025,16,2
200234628797,LVPA,LVPA-5,0010,107,1
200234636647,CSKI_MVKI,MVKI-1,0010,392,1
200234636737,CSKI_MVKI,MVKI-1,0010,222,1
200234636740,CSKI_MVKI,MVKI-1,0005,95,1
200234636746,CSKI_MVKI,MVKI-1,0010,60,1
200234636747,CSKI_MVKI,MVKI-1,0010,249,1
200234636749,CSKI_MVKI,MVKI-1,0010,219,1
200234639055,LVPA,LVPA-5,0010,400,1
200234639380,LVPA,LVPA-5,0010,799,1
200234639388,LVPA,LVPA-5,0010,221,1
200234644091,LVPA,LVPA-5,0010 → 0030,168,2
200234644472,CSKI_MVKI,CSKI-1,0010,82,1
200234644474,CSKI_MVKI,CSKI-1,0010,157,1
200234644577,CSKI_MVKI,CSKI-1,0010,109,1
200234644578,CSKI_MVKI,CSKI-1,0010,157,1
200234644593,CSKI_MVKI,CSKI-1,0010,144,1
200234644711,CSKI_MVKI,CSKI-1,0010,136,1
200234644716,CSKI_MVKI,CSKI-1,0010,106,1
200234644917,CSKI_MVKI,CSKI-1,0010,90,1
200234644918,CSKI_MVKI,CSKI-1,0010,117,1
200234644920,CSKI_MVKI,CSKI-1,0010,157,1
200234644924,CSKI_MVKI,CSKI-1,0010,843,1
200234644927,CSKI_MVKI,CSKI-1,0010,83,1
200234644930,CSKI_MVKI,CSKI-1,0010,521,1
200234645364,CSKI_MVKI,MVKI-1,0005,88,1
200234645372,CSKI_MVKI,MVKI-1,0005,146,1
200234645478,CSKI_MVKI,MVKI-1,0005,137,1
200234645846,CSKI_MVKI,MVKI-1,0005,111,1
200234645848,CSKI_MVKI,MVKI-1,0005,189,1
200234645936,CSKI_MVKI,MVKI-1,0005,237,1
200234646234,CSKI_MVKI,MVKI-1,0005,94,1
200234646235,CSKI_MVKI,MVKI-1,0005,57,1
200234646502,CSKI_MVKI,CSKI-1,0010,148,1
200234646505,CSKI_MVKI,CSKI-1,0010,176,1
200234646508,CSKI_MVKI,CSKI-1,0010,668,1
200234646511,CSKI_MVKI,CSKI-1,0010,668,1
200234646512,CSKI_MVKI,CSKI-1,0010,377,1
200234646513,CSKI_MVKI,CSKI-1,0010,176,1
200234647279,LVPA,LVPA-5,0010,109,1
200234647280,LVPA,LVPA-5,0010,463,1
200234647451,LVPA,LVPA-5,0050,98,1
200234647543,LVPA,LVPA-5,0050,22,1
200234647546,LVPA,LVPA-5,0050,852,1
200234652571,LVPA,LVPA-5,0010 → 0030,32,2
200234652759,CSKI_MVKI,MVKI-1,0010,192,1
200234652767,CSKI_MVKI,MVKI-1,0010,122,1
200234652776,CSKI_MVKI,MVKI-1,0010,69,1
200234653663,CSKI_MVKI,CSKI-1,0010,142,1
200234653667,CSKI_MVKI,MVKI-1,0010,534,1
200234653671,CSKI_MVKI,MVKI-1,0010,278,1
200234653674,CSKI_MVKI,MVKI-1,0010,178,1
200234653676,CSKI_MVKI,MVKI-1,0010,143,1
200234653839,CSKI_MVKI,MVKI-1,0010,257,1
200234653841,CSKI_MVKI,MVKI-1,0010,24,1
200234653848,CSKI_MVKI,MVKI-1,0005,159,1
200234654152,CSKI_MVKI,MVKI-1,0005,165,1
200234654279,CSKI_MVKI,MVKI-1,0010,101,1
200234654282,CSKI_MVKI,MVKI-1,0010,145,1
200234654284,CSKI_MVKI,MVKI-1,0010,167,1
200234654287,CSKI_MVKI,MVKI-1,0005,95,1
200234654290,CSKI_MVKI,MVKI-1,0010,87,1
200234654294,CSKI_MVKI,MVKI-1,0010,136,1
200234654464,CSKI_MVKI,MVKI-1,0010,64,1
200234654597,LVPA,LVPA-5,0010 → 0030,128,2
200234654605,LVPA,LVPA-5,0010 → 0030,128,2
200234654607,LVPA,LVPA-5,0010 → 0030,480,2
200234654608,LVPA,LVPA-5,0010 → 0030,208,2
200234654610,LVPA,LVPA-5,0010 → 0030,480,2
200234654697,LVPA,LVPA-5,0010,808,1
200234654701,LVPA,LVPA-5,0010,60,1
200234654703,LVPA,LVPA-5,0010 → 0030,288,2
200234654818,LVPA,LVPA-5,0050,47,1
200234654833,LVPA,LVPA-5,0050,3,1
200234654835,LVPA,LVPA-5,0010 → 0030,67,2
200234654836,LVPA,LVPA-5,0050,32,1
200234654918,LVPA,LVPA-5,0050,214,1
200234654919,LVPA,LVPA-5,0050,57,1
200234654921,LVPA,LVPA-5,0050,51,1
200234654922,LVPA,LVPA-5,0010 → 0030,47,2
200234654923,LVPA,LVPA-5,0010 → 0030,17,2
200234654924,LVPA,LVPA-5,0010 → 0020,190,2
200234654925,LVPA,LVPA-5,0010 → 0020,124,2
200234654927,LVPA,LVPA-5,0010 → 0030,42,2
200234654928,LVPA,LVPA-5,0010 → 0030,124,2
200234654931,LVPA,LVPA-5,0010 → 0030,138,2
200234654932,LVPA,LVPA-5,0010 → 0030,272,2
200234654934,LVPA,LVPA-5,0010 → 0030,181,2
200234654935,LVPA,LVPA-5,0010 → 0030,103,2
200234654936,LVPA,LVPA-5,0010 → 0030,186,2
200234655062,LVPA,LVPA-5,0010 → 0030,320,2
200234655065,LVPA,LVPA-5,0010 → 0030,244,2
200234655066,LVPA,LVPA-5,0010 → 0030,87,2
200234655068,CSKI_MVKI,CSKI-1,0010,95,1
200234655070,LVPA,LVPA-5,0010 → 0030,98,2
200234655072,LVPA,LVPA-5,0010 → 0030,59,2
200234655073,CSKI_MVKI,CSKI-1,0010,119,1
200234655074,LVPA,LVPA-5,0010 → 0030,65,2
200234655075,LVPA,LVPA-5,0010 → 0030,43,2
200234655076,CSKI_MVKI,CSKI-1,0010,91,1
200234660243,CSKI_MVKI,CSKI-1,0010,582,1
200234661387,CSKI_MVKI,MVKI-1,0010,392,1
200234661395,CSKI_MVKI,MVKI-1,0010,136,1
200234661708,CSKI_MVKI,MVKI-1,0010,278,1
200234670169,CSKI_MVKI,MVKI-1,0010,58,1
200234670383,CSKI_MVKI,CSKI-1,0010,888,1
200234671020,CSKI_MVKI,CSKI-1,0010,656,1
200234671023,CSKI_MVKI,CSKI-1,0010,291,1
200234671032,CSKI_MVKI,CSKI-1,0010,787,1
200234671930,CSKI_MVKI,CSKI-1,0010,266,1
200234671931,CSKI_MVKI,CSKI-1,0010,403,1
200234671932,CSKI_MVKI,CSKI-1,0010,235,1
200234671934,CSKI_MVKI,CSKI-1,0010,266,1
200234671935,CSKI_MVKI,CSKI-1,0010,107,1
200234672180,CSKI_MVKI,CSKI-1,0010,137,1
200234672191,CSKI_MVKI,CSKI-1,0010,616,1
200234672195,CSKI_MVKI,CSKI-1,0010,122,1
200234672208,CSKI_MVKI,CSKI-1,0010,266,1
200234673117,CSKI_MVKI,MVKI-1,0010,279,1
200234673235,LVPA,LVPA-5,0010,434,1
200234673236,LVPA,LVPA-5,0010,543,1
200234673247,CSKI_MVKI,CSKI-1,0010,86,1
200234673387,LVPA,LVPA-5,0010,217,1
200234673388,LVPA,LVPA-5,0010,217,1
200234673391,LVPA,LVPA-5,0010,109,1
200234673392,LVPA,LVPA-5,0010,36,1
200234673395,LVPA,LVPA-5,0010,724,1
200234673396,LVPA,LVPA-5,0010,1085,1
200234673478,LVPA,LVPA-2 / LVPA-5,0010 → 0025,249,2
200234673481,LVPA,LVPA-5,0010,362,1
200234673489,LVPA,LVPA-5,0010,200,1
200234673493,LVPA,LVPA-2 / LVPA-5,0010 → 0025,126,2
200234673494,LVPA,LVPA-2 / LVPA-5,0010 → 0025,82,2
200234673533,LVPA,LVPA-5,0010,109,1
200234673849,LVPA,LVPA-5,0050,314,1
200234673850,LVPA,LVPA-5,0010 → 0030,26,2
200234673851,LVPA,LVPA-5,0010 → 0030,20,2
200234673852,LVPA,LVPA-5,0010 → 0030,26,2
200234673853,LVPA,LVPA-5,0010 → 0030,87,2
200234673854,LVPA,LVPA-5,0010 → 0030,83,2
200234673856,LVPA,LVPA-5,0010 → 0030,23,2
200234673863,LVPA,LVPA-5,0010,579,1
200234673864,LVPA,LVPA-5,0010,80,1
200234673866,LVPA,LVPA-2 / LVPA-5,0010 → 0025,52,2
200234674037,LVPA,LVPA-5,0010 → 0030,96,2
200234674038,LVPA,LVPA-5,0010 → 0030,64,2
200234674039,LVPA,LVPA-5,0010 → 0030,16,2
200234674040,LVPA,LVPA-5,0010 → 0030,60,2
200234674041,LVPA,LVPA-5,0010 → 0030,96,2
200234674042,LVPA,LVPA-5,0010 → 0030,17,2
200234674043,LVPA,LVPA-5,0010 → 0030,122,2
200234674047,LVPA,LVPA-5,0010 → 0030,256,2
200234674098,CSKI_MVKI,MVKI-1,0005,245,1
200234678868,CSKI_MVKI,CSKI-1,0010,217,1
200234680640,CSKI_MVKI,CSKI-1,0010,122,1
200234680918,CSKI_MVKI,MVKI-1,0010,133,1
200234680924,CSKI_MVKI,MVKI-1,0010,183,1
200234680933,CSKI_MVKI,MVKI-1,0005,155,1
200234680936,CSKI_MVKI,MVKI-1,0010,87,1
200234681117,CSKI_MVKI,MVKI-1,0010,120,1
200234681119,CSKI_MVKI,MVKI-1,0010,143,1
200234683690,LVPA,LVPA-5,0010,362,1
200234683693,LVPA,LVPA-5,0010,724,1
200234688376,CSKI_MVKI,MVKI-1,0010,162,1
200234688778,CSKI_MVKI,CSKI-1,0010,585,1
200234689848,LVPA,LVPA-5,0050,19,1
