bench_id,bench_name,scheduling_pool,sequence,order_number,material,material_description,customer,is_australia,priority,scheduled_start,scheduled_finish,target_finish_day_offset,bench_remaining_minutes,sap_remaining_minutes,adjusted_remaining_minutes,staffing_factor,staffing_override_people,planned_start_minute,planned_finish_minute,planned_start_time,planned_finish_time,planned_finish_day_offset,due_status,due_delta_days,due_message,bench_work_centres,bench_operations,system_status,user_status,override_type,override_note,assignment_source,assignment_source_label,assignment_reason,queue_stability,schedule_confidence,confidence_reason,live_active,live_started_at,live_started_remaining_minutes,live_elapsed_minutes,live_sap_refresh_at
CM01,CSKI/MVKI Bench 1,CSKI_MVKI,1,200233938906,CH8130-000,CSJT-36D/1XU-1XU-GB03,SP Power Systems Ltd,no,5,29.07.2026,29.07.2026,0,247,247,247,1.0000,2,275,522,13:15,Thu 30/07 08:32,1,LATE,1,Late by 1 working day,CSKI-1,0010,REL  PRT  PCNF PRC  BASC BCRQ GMPS MACM*,COMP PREP,MANUAL SPLIT,Part A: qty 95 / 247 min on CM01 ・ SAP snapshot 247 min ・ remaining estimate 247 min,LIVE,Live WIP,This split part is actively being worked on this bench and remains locked as current.,LIVE LOCK,ATTENTION,The predicted finish is later than the SAP scheduled finish day. The split part is still predicted to finish late.,yes,2026-07-29 08:13:07,247,0,2026-07-29 13:04:24
CM01,CSKI/MVKI Bench 1,CSKI_MVKI,2,200233812330,EN6842-000,CSJA-24C/1XU-1XU-DE03,Netze BW GmbH,no,5,30.07.2026,31.07.2026,2,1012,1012,1012,1.0000,2,522,1534,Thu 30/07 08:32,Mon 03/08 12:24,3,LATE,1,Late by 1 working day,CSKI-1,0010,REL  PRT  PRC  BASC BCRQ GMPS MACM RESA*,COMP PREP,AUTO LOCK,Preserved from previous schedule to stabilise the near-term queue,STABLE,Stable Queue,LINEUP preserved this order on CM01 because it was the next automatic order in the previous plan.,STABLE NEXT,ATTENTION,The predicted finish is later than the SAP scheduled finish day.,,,,,
CM03,CSKI/MVKI Bench 3,CSKI_MVKI,1,200233938906,CH8130-000,CSJT-36D/1XU-1XU-GB03,SP Power Systems Ltd,no,5,29.07.2026,29.07.2026,0,488,244,488,2.0000,1,275,763,13:15,Thu 30/07 13:28,1,LATE,1,Late by 1 working day,CSKI-1,0010,REL  PRT  PCNF PRC  BASC BCRQ GMPS MACM*,COMP PREP,MANUAL SPLIT,Part B: qty 94 / 488 min on CM03 ・ SAP snapshot 244 min ・ remaining estimate 488 min,LIVE,Live WIP,This split part is actively being worked on this bench and remains locked as current.,LIVE LOCK,ATTENTION,The predicted finish is later than the SAP scheduled finish day. A manual staffing override materially changes the duration. The split part is still predicted to finish late.,yes,2026-07-29 11:07:28,488,0,2026-07-29 13:04:24
CM03,CSKI/MVKI Bench 3,CSKI_MVKI,2,200234566929,EP7612-000,EPPA-064-60-IE01,ESB,no,5,29.07.2026,29.07.2026,0,136,68,136,2.0000,1,763,899,Thu 30/07 13:28,Thu 30/07 15:44,1,LATE,1,Late by 1 working day,MVKI-1,0005,REL  PRT  PRC  BASC BCRQ GMPS MACM MSCP*,COMP PREP,AUTO LOCK,Preserved from previous schedule to stabilise the near-term queue,STABLE,Stable Queue,LINEUP preserved this order on CM03 because it was the next automatic order in the previous plan.,STABLE NEXT,ATTENTION,The predicted finish is later than the SAP scheduled finish day. A manual staffing override materially changes the duration.,,,,,
CM03,CSKI/MVKI Bench 3,CSKI_MVKI,3,200234292937,EP6010-000,SMOE-64732,Cable Services Ltd,no,5,30.07.2026,30.07.2026,1,276,138,276,2.0000,1,899,1175,Thu 30/07 15:44,Fri 31/07 11:40,2,LATE,1,Late by 1 working day,MVKI-1,0010,REL  PRT  PRC  BASC BCRQ GMPS MACM MSCP*,COMP PREP,,,OPTIMISED,Optimised,"No evaluated option fully recovered the order; this bench produced the strongest overall result. The next-best bench, CM06, would create more due-date risk.",FLEXIBLE,ATTENTION,The predicted finish is later than the SAP scheduled finish day. A manual staffing override materially changes the duration.,,,,,
CM03,CSKI/MVKI Bench 3,CSKI_MVKI,4,200233600294,CR0678-000,CSJT-12B/1XU-3XU-GB01,SP Power Systems Ltd,no,5,30.07.2026,31.07.2026,2,218,109,218,2.0000,1,1175,1393,Fri 31/07 11:40,Mon 03/08 09:53,3,LATE,1,Late by 1 working day,CSKI-1,0010,REL  PRT  PRC  BASC BCRQ GMPS MACM SETC,COMP,,,OPTIMISED,Optimised,"No evaluated option fully recovered the order; this bench produced the strongest overall result. The next-best bench, CM06, would finish later.",FLEXIBLE,ATTENTION,The predicted finish is later than the SAP scheduled finish day. A manual staffing override materially changes the duration.,,,,,
CM04,CSKI/MVKI Bench 4,CSKI_MVKI,1,200234266728,172599-000,SMOE-62546,SSE Stock Ltd,no,5,29.07.2026,29.07.2026,0,165,165,165,1.0000,2,275,440,13:15,16:00,0,ON TARGET,0,Finishes on scheduled working day,MVKI-1,0005,REL  PRT  PRC  BASC BCRQ GMPS MACM RESA*,COMP PREP,,SAP snapshot 165 min ・ remaining estimate 165 min,LIVE,Live WIP,"The order is actively being worked on this bench, so LINEUP keeps it as the current order.",LIVE LOCK,HIGH,This is live tracked work and is locked to the current bench.,yes,2026-07-29 12:35:28,165,0,2026-07-29 13:04:24
CM04,CSKI/MVKI Bench 4,CSKI_MVKI,2,200234568168,172599-000,SMOE-62546,SSE Stock Ltd,no,5,29.07.2026,29.07.2026,0,148,148,148,1.0000,2,440,588,16:00,Thu 30/07 09:38,1,LATE,1,Late by 1 working day,MVKI-1,0005,REL  PRT  PRC  BASC BCRQ GMPS MACM MSCP*,COMP PREP,AUTO LOCK,Preserved from previous schedule to stabilise the near-term queue,STABLE,Stable Queue,LINEUP preserved this order on CM04 because it was the next automatic order in the previous plan.,STABLE NEXT,ATTENTION,The predicted finish is later than the SAP scheduled finish day.,,,,,
CM04,CSKI/MVKI Bench 4,CSKI_MVKI,3,200234461105,EP9731-000,CSJH-36F/1XU-1XU-GB04,SSE Stock Ltd,no,5,29.07.2026,29.07.2026,0,111,111,111,1.0000,2,588,699,Thu 30/07 09:38,Thu 30/07 11:39,1,LATE,1,Late by 1 working day,CSKI-1,0010,REL  PRT  PRC  BASC BCRQ GMPS MACM RESA*,COMP PREP,,,OPTIMISED,Optimised,"This bench gives an on-time predicted finish. The next-best bench, CM05, would finish later.",FLEXIBLE,ATTENTION,The predicted finish is later than the SAP scheduled finish day.,,,,,
CM04,CSKI/MVKI Bench 4,CSKI_MVKI,4,200234461099,CR2269-000,CSJR-24D/1XU-1XU-NL01,Stedin Netbeheer B.V.,no,5,29.07.2026,30.07.2026,1,582,582,582,1.0000,2,699,1281,Thu 30/07 11:39,Mon 03/08 08:01,3,LATE,2,Late by 2 working days,CSKI-1,0010,REL  PRT  PRC  BASC BCRQ GMPS MACM RESA*,COMP PREP,,,OPTIMISED,Optimised,"The order remains late, but this bench produced the strongest overall result among compatible benches. The next-best bench, CM05, would finish later.",FLEXIBLE,ATTENTION,The predicted finish is later than the SAP scheduled finish day.,,,,,
CM04,CSKI/MVKI Bench 4,CSKI_MVKI,5,200233600285,CR0676-000,CATJ-12B/3XU-3SB-GB02,SP Power Systems Ltd,no,5,30.07.2026,31.07.2026,2,164,164,164,1.0000,2,1281,1445,Mon 03/08 08:01,Mon 03/08 10:55,3,LATE,1,Late by 1 working day,CSKI-1,0010,REL  PRT  PRC  BASC BCRQ GMPS MACM SETC,COMP PREP,,,OPTIMISED,Optimised,"No evaluated option fully recovered the order; this bench produced the strongest overall result. The next-best bench, CM03, would finish later.",FLEXIBLE,ATTENTION,The predicted finish is later than the SAP scheduled finish day.,,,,,
CM04,CSKI/MVKI Bench 4,CSKI_MVKI,6,200233600363,CS4331-000,CATJ-12B/1XU-3SB-GB03,SP Power Systems Ltd,no,5,30.07.2026,31.07.2026,2,352,352,352,1.0000,2,1445,1797,Mon 03/08 10:55,Tue 04/08 08:42,4,LATE,2,Late by 2 working days,CSKI-1,0010,REL  PRT  PRC  BASC BCRQ GMPS MACM RESA*,COMP PREP,,,OPTIMISED,Optimised,"The order remains late, but this bench produced the strongest overall result among compatible benches. The next-best bench, CM05, would finish later.",FLEXIBLE,ATTENTION,The predicted finish is later than the SAP scheduled finish day.,,,,,
CM05,CSKI/MVKI Bench 5,CSKI_MVKI,1,200234582854,EK8957-000,SMOE-64558,UK Power Networks(Operations) Ltd,no,5,29.07.2026,29.07.2026,0,234,234,234,1.0000,,275,509,13:15,Thu 30/07 08:19,1,LATE,1,Late by 1 working day,MVKI-1,0010,REL  PRT  PRC  BASC BCRQ GMPS MACM RESA*,COMP PREP,,SAP snapshot 234 min ・ remaining estimate 234 min,LIVE,Live WIP,"The order is actively being worked on this bench, so LINEUP keeps it as the current order.",LIVE LOCK,ATTENTION,The predicted finish is later than the SAP scheduled finish day.,yes,2026-07-29 12:52:26,234,0,2026-07-29 13:04:24
CM05,CSKI/MVKI Bench 5,CSKI_MVKI,2,200234036402,EN6738-000,CSJH-24C/3XU-3XU-M1-SE01,Ahlsell Sverige AB,no,5,29.07.2026,29.07.2026,0,120,120,120,1.0000,,509,629,Thu 30/07 08:19,Thu 30/07 10:29,1,LATE,1,Late by 1 working day,CSKI-1,0010,REL  PRT  PRC  BASC BCRQ GMPS MACM RESA*,COMP,AUTO LOCK,Preserved from previous schedule to stabilise the near-term queue,STABLE,Stable Queue,LINEUP preserved this order on CM05 because it was the next automatic order in the previous plan.,STABLE NEXT,ATTENTION,The predicted finish is later than the SAP scheduled finish day.,,,,,
CM05,CSKI/MVKI Bench 5,CSKI_MVKI,3,200234352768,ER6985-000,CSJA-ENDSEAL-KIT-C-NL01,Tyco Electronics Polska Sp z o.o.,no,5,29.07.2026,29.07.2026,0,118,118,118,1.0000,,629,747,Thu 30/07 10:29,Thu 30/07 12:27,1,LATE,1,Late by 1 working day,CSKI-1,0010,REL  PRT  PRC  BASC BCRQ GMPS MACM MSCP*,COMP,,,OPTIMISED,Optimised,"This bench gives an on-time predicted finish. The next-best bench, CM06, would finish later.",FLEXIBLE,ATTENTION,The predicted finish is later than the SAP scheduled finish day.,,,,,
CM05,CSKI/MVKI Bench 5,CSKI_MVKI,4,200234680640,CS8298-000,CSJA-24C/1XU-1XU-M1-NO01,Ensto Nor AS,no,5,30.07.2026,30.07.2026,1,122,122,122,1.0000,,747,869,Thu 30/07 12:27,Thu 30/07 15:14,1,ON TARGET,0,Finishes on scheduled working day,CSKI-1,0010,REL  PRT  PRC  BASC BCRQ GMPS MACM MSCP*,COMP PREP,,,OPTIMISED,Optimised,"This bench gives an on-time predicted finish. The next-best bench, CM06, would create more due-date risk.",FLEXIBLE,MEDIUM,"The current automatic plan is on target, but later automatic queue positions may still be re-optimised.",,,,,
CM05,CSKI/MVKI Bench 5,CSKI_MVKI,5,200234660243,EN2828-000,CSJA-24C/1XU-1XU-DE02,Westnetz GmbH,no,5,29.07.2026,30.07.2026,1,582,582,582,1.0000,,869,1451,Thu 30/07 15:14,Mon 03/08 11:01,3,LATE,2,Late by 2 working days,CSKI-1,0010,REL  PRT  PRC  BASC BCRQ GMPS MACM SETC,COMP PREP,,,OPTIMISED,Optimised,"The order remains late, but this bench produced the strongest overall result among compatible benches. The next-best bench, CM06, would finish later.",FLEXIBLE,ATTENTION,The predicted finish is later than the SAP scheduled finish day.,,,,,
CM06,CSKI/MVKI Bench 6,CSKI_MVKI,1,200234624696,CS8298-000,CSJA-24C/1XU-1XU-M1-NO01,Ensto Nor AS,no,5,29.07.2026,29.07.2026,0,195,195,195,1.0000,,275,470,13:15,16:30,0,ON TARGET,0,Finishes on scheduled working day,CSKI-1,0010,REL  PRT  PCNF PRC  BASC BCRQ GMPS MACM*,COMP,,SAP snapshot 195 min ・ remaining estimate 195 min,LIVE,Live WIP,"The order is actively being worked on this bench, so LINEUP keeps it as the current order.",LIVE LOCK,HIGH,This is live tracked work and is locked to the current bench.,yes,2026-07-29 10:33:59,195,0,2026-07-29 13:04:24
CM06,CSKI/MVKI Bench 6,CSKI_MVKI,2,200234507193,204099-000,SMOE-62585,SSE Stock Ltd,no,5,30.07.2026,30.07.2026,1,184,184,184,1.0000,,470,654,16:30,Thu 30/07 10:54,1,ON TARGET,0,Finishes on scheduled working day,MVKI-1,0005,REL  PRT  PRC  BASC BCRQ GMPS MACM RESA*,COMP PREP,AUTO LOCK,Preserved from previous schedule to stabilise the near-term queue,STABLE,Stable Queue,LINEUP preserved this order on CM06 because it was the next automatic order in the previous plan.,STABLE NEXT,MEDIUM,"The order is stable on this bench, but its timing still depends on preceding work completing as forecast.",,,,,
CM06,CSKI/MVKI Bench 6,CSKI_MVKI,3,200234672208,BM4747-000,CATJ-12F/3XU-6SB-GB04,SP Power Systems Ltd,no,5,30.07.2026,30.07.2026,1,266,266,266,1.0000,,654,920,Thu 30/07 10:54,Thu 30/07 16:05,1,ON TARGET,0,Finishes on scheduled working day,CSKI-1,0010,REL  PRT  PRC  BASC BCRQ GMPS MACM MSCP*,COMP PREP,,,OPTIMISED,Optimised,"This bench gives an on-time predicted finish. The next-best bench, CM04, would create more due-date risk.",FLEXIBLE,MEDIUM,"The current automatic plan is on target, but later automatic queue positions may still be re-optimised.",,,,,
CM06,CSKI/MVKI Bench 6,CSKI_MVKI,4,200234084560,EN3046-000,CSJA-24E/1XU-1XU-DE01,Westnetz GmbH,no,5,30.07.2026,30.07.2026,1,287,287,287,1.0000,,920,1207,Thu 30/07 16:05,Fri 31/07 12:12,2,LATE,1,Late by 1 working day,CSKI-1,0010,REL  PRT  PRC  BASC BCRQ GMPS MACM RESA*,COMP PREP,,,OPTIMISED,Optimised,"No evaluated option fully recovered the order; this bench produced the strongest overall result. The next-best bench, CM03, would create more due-date risk.",FLEXIBLE,ATTENTION,The predicted finish is later than the SAP scheduled finish day.,,,,,
CM06,CSKI/MVKI Bench 6,CSKI_MVKI,5,200233571993,CR0671-000,CSJT-12B/3XU-3XU-GB01,SP Power Systems Ltd,no,5,30.07.2026,31.07.2026,2,198,198,198,1.0000,,1207,1405,Fri 31/07 12:12,Mon 03/08 10:15,3,LATE,1,Late by 1 working day,CSKI-1,0010,REL  PRT  PRC  BASC BCRQ GMPS MACM SETC,COMP PREP,,,OPTIMISED,Optimised,"No evaluated option fully recovered the order; this bench produced the strongest overall result. The next-best bench, CM04, would finish later.",FLEXIBLE,ATTENTION,The predicted finish is later than the SAP scheduled finish day.,,,,,
CM06,CSKI/MVKI Bench 6,CSKI_MVKI,6,200233622307,CS4189-000,SMOE-64149,SP Power Systems Ltd,no,5,30.07.2026,31.07.2026,2,155,155,155,1.0000,,1405,1560,Mon 03/08 10:15,Mon 03/08 13:35,3,LATE,1,Late by 1 working day,CSKI-1,0010,REL  PRT  PRC  BASC BCRQ GMPS MACM MSCP*,COMP PREP,,,OPTIMISED,Optimised,"No evaluated option fully recovered the order; this bench produced the strongest overall result. The next-best bench, CM04, would finish later.",FLEXIBLE,ATTENTION,The predicted finish is later than the SAP scheduled finish day.,,,,,
LV01,LVPA Bench 1,LVPA,1,200234610263,CM0111-000,BAH-028000535,TE Connectivity Argentina SRL,no,5,27.07.2026,27.07.2026,-2,4,4,4,1.0000,,275,279,13:15,13:19,0,LATE,2,Late by 2 working days,LVPA-5,0050,REL  PRT  PRC  BASC BCRQ GMPS MACM RESA*,COMP PREP,AUTO LOCK,Preserved from previous schedule to stabilise the near-term queue,STABLE,Stable Queue,LINEUP preserved this order on LV01 because it was the next automatic order in the previous plan.,STABLE NEXT,ATTENTION,The predicted finish is later than the SAP scheduled finish day.,,,,,
LV01,LVPA Bench 1,LVPA,2,200234419562,EN2004-000,TSJ-WA180,TE Connectivity Australia Pty Ltd,yes,5,30.07.2026,30.07.2026,1,532,532,532,1.0000,,279,811,13:19,Thu 30/07 14:16,1,ON TARGET,0,Finishes on scheduled working day,LVPA-5,0010,REL  PRT  PRC  BASC BCRQ GMPS MACM RESA*,COMP PREP,,,OPTIMISED,Optimised,"This bench gives an on-time predicted finish. The next-best bench, LV02, would finish later.",FLEXIBLE,MEDIUM,"The current automatic plan is on target, but later automatic queue positions may still be re-optimised.",,,,,
LV01,LVPA Bench 1,LVPA,3,200234423009,EB9985-000,BAH-038080994,SSE Stock Ltd,no,5,30.07.2026,30.07.2026,1,362,362,362,1.0000,,811,1173,Thu 30/07 14:16,Fri 31/07 11:38,2,LATE,1,Late by 1 working day,LVPA-5,0010,REL  PRT  PRC  BASC BCRQ GMPS MACM MSCP*,COMP PREP,,,OPTIMISED,Optimised,"No evaluated option fully recovered the order; this bench produced the strongest overall result. The next-best bench, LV02, would finish later.",FLEXIBLE,ATTENTION,The predicted finish is later than the SAP scheduled finish day.,,,,,
LV01,LVPA Bench 1,LVPA,4,200234519512,ED0004-000,BAH-038081012,SSE Stock Ltd,no,5,30.07.2026,30.07.2026,1,117,117,117,1.0000,,1173,1290,Fri 31/07 11:38,Mon 03/08 08:10,3,LATE,2,Late by 2 working days,LVPA-5,0010 → 0030,REL  PRT  PRC  BASC BCRQ GMPS MACM MSCP*,COMP PREP,,,OPTIMISED,Optimised,"The order remains late, but this bench produced the strongest overall result among compatible benches. The next-best bench, LV02, would finish later.",FLEXIBLE,ATTENTION,The predicted finish is later than the SAP scheduled finish day.,,,,,
LV01,LVPA Bench 1,LVPA,5,200234527057,ED0006-000,BAH-038081014,SSE Stock Ltd,no,5,30.07.2026,30.07.2026,1,26,26,26,1.0000,,1290,1316,Mon 03/08 08:10,Mon 03/08 08:36,3,LATE,2,Late by 2 working days,LVPA-5,0010 → 0030,REL  PRT  PRC  BASC BCRQ GMPS MACM MSCP*,COMP PREP,,,OPTIMISED,Optimised,"The order remains late, but this bench produced the strongest overall result among compatible benches. The next-best bench, LV02, would finish later.",FLEXIBLE,ATTENTION,The predicted finish is later than the SAP scheduled finish day.,,,,,
LV01,LVPA Bench 1,LVPA,6,200233920353,EE7521-000,BAH-038081398,SP Power Systems Ltd,no,5,29.07.2026,30.07.2026,1,383,383,383,1.0000,,1316,1699,Mon 03/08 08:36,Mon 03/08 15:54,3,LATE,2,Late by 2 working days,LVPA-5,0010 → 0030,REL  PRT  PRC  BASC BCRQ MACM MSCP SETC,PREP,,,OPTIMISED,Optimised,"The order remains late, but this bench produced the strongest overall result among compatible benches. The next-best bench, LV02, would create more due-date risk.",FLEXIBLE,ATTENTION,The predicted finish is later than the SAP scheduled finish day.,,,,,
LV01,LVPA Bench 1,LVPA,7,200234423248,EB9973-000,BAH-038080982,Cable Services Ltd,no,5,31.07.2026,31.07.2026,2,41,41,41,1.0000,,1699,1740,Mon 03/08 15:54,Mon 03/08 16:35,3,LATE,1,Late by 1 working day,LVPA-2 / LVPA-5,0010 → 0020,REL  PRT  PRC  BASC BCRQ MACM MSCP SETC,PREP,,,OPTIMISED,Optimised,"No evaluated option fully recovered the order; this bench produced the strongest overall result. The next-best bench, LV02, would create more due-date risk.",FLEXIBLE,ATTENTION,The predicted finish is later than the SAP scheduled finish day.,,,,,
LV01,LVPA Bench 1,LVPA,8,200234460296,EB9973-000,BAH-038080982,SSE Stock Ltd,no,5,31.07.2026,31.07.2026,2,288,288,288,1.0000,,1740,2028,Tue 04/08 07:45,Tue 04/08 13:28,4,LATE,2,Late by 2 working days,LVPA-2 / LVPA-5,0010 → 0020,REL  PRT  PRC  BASC BCRQ MACM MSCP SETC,PREP,,,OPTIMISED,Optimised,"The order remains late, but this bench produced the strongest overall result among compatible benches. The immediately preceding work uses the same material. The next-best bench, LV02, would create more due-date risk.",FLEXIBLE,ATTENTION,The predicted finish is later than the SAP scheduled finish day.,,,,,
LV01,LVPA Bench 1,LVPA,9,200234460338,EB9975-000,BAH-038080984,SSE Stock Ltd,no,5,31.07.2026,31.07.2026,2,84,84,84,1.0000,,2028,2112,Tue 04/08 13:28,Tue 04/08 14:52,4,LATE,2,Late by 2 working days,LVPA-2 / LVPA-5,0010 → 0020,REL  PRT  PRC  BASC BCRQ MACM MSCP SETC,PREP,,,OPTIMISED,Optimised,"The order remains late, but this bench produced the strongest overall result among compatible benches. The next-best bench, LV02, would create more due-date risk.",FLEXIBLE,ATTENTION,The predicted finish is later than the SAP scheduled finish day.,,,,,
LV01,LVPA Bench 1,LVPA,10,200234418538,ED0001-000,BAH-038081009,Wolseley UK Limited,no,5,31.07.2026,31.07.2026,2,13,13,13,1.0000,,2112,2125,Tue 04/08 14:52,Tue 04/08 15:05,4,LATE,2,Late by 2 working days,LVPA-5,0010 → 0030,REL  PRT  PRC  BASC BCRQ GMPS MACM SETC,COMP PREP,,,OPTIMISED,Optimised,"The order remains late, but this bench produced the strongest overall result among compatible benches. The next-best bench, LV02, would create more due-date risk.",FLEXIBLE,ATTENTION,The predicted finish is later than the SAP scheduled finish day.,,,,,
LV01,LVPA Bench 1,LVPA,11,200234490392,ER3075-000,BAH-038081687,Cable Services Ltd,no,5,31.07.2026,31.07.2026,2,206,206,206,1.0000,,2125,2331,Tue 04/08 15:05,Wed 05/08 09:41,5,LATE,3,Late by 3 working days,LVPA-2 / LVPA-5,0005 → 0010,REL  PRT  PRC  BASC BCRQ MACM SETC,PREP,,,OPTIMISED,Optimised,"The order remains late, but this bench produced the strongest overall result among compatible benches. The next-best bench, LV02, would create more due-date risk.",FLEXIBLE,ATTENTION,The predicted finish is later than the SAP scheduled finish day.,,,,,
LV01,LVPA Bench 1,LVPA,12,200234476380,EB9988-000,BAH-038080997,SSE Stock Ltd,no,5,03.08.2026,03.08.2026,3,537,537,537,1.0000,,2331,2868,Wed 05/08 09:41,Thu 06/08 10:53,6,LATE,3,Late by 3 working days,LVPA-2 / LVPA-5,0010 → 0025,REL  PRT  PRC  BASC BCRQ MACM MSCP SETC,PREP,,,OPTIMISED,Optimised,"The order remains late, but this bench produced the strongest overall result among compatible benches. The next-best bench, LV02, would create more due-date risk.",FLEXIBLE,ATTENTION,The predicted finish is later than the SAP scheduled finish day.,,,,,
LV02,LVPA Bench 2,LVPA,1,200234519786,CM0111-000,BAH-028000535,TE Connectivity Argentina SRL,no,5,27.07.2026,27.07.2026,-2,66,66,66,1.0000,,275,341,13:15,14:21,0,LATE,2,Late by 2 working days,LVPA-5,0050,REL  PRT  PRC  BASC BCRQ GMPS MACM RESA*,COMP PREP,AUTO LOCK,Preserved from previous schedule to stabilise the near-term queue,STABLE,Stable Queue,LINEUP preserved this order on LV02 because it was the next automatic order in the previous plan.,STABLE NEXT,ATTENTION,The predicted finish is later than the SAP scheduled finish day.,,,,,
LV02,LVPA Bench 2,LVPA,2,200234496056,EB9970-000,BAH-038080979,SSE Stock Ltd,no,5,30.07.2026,30.07.2026,1,289,289,289,1.0000,,341,630,14:21,Thu 30/07 10:30,1,ON TARGET,0,Finishes on scheduled working day,LVPA-5,0010,REL  PRT  PRC  BASC BCRQ GMPS MACM MSCP*,COMP PREP,,,OPTIMISED,Optimised,"This bench gives an on-time predicted finish. The next-best bench, LV01, would create more due-date risk.",FLEXIBLE,MEDIUM,"The current automatic plan is on target, but later automatic queue positions may still be re-optimised.",,,,,
LV02,LVPA Bench 2,LVPA,3,200234510163,EB9971-000,BAH-038080980,SSE Stock Ltd,no,5,30.07.2026,30.07.2026,1,250,250,250,1.0000,,630,880,Thu 30/07 10:30,Thu 30/07 15:25,1,ON TARGET,0,Finishes on scheduled working day,LVPA-5,0010 → 0030,REL  PRT  PRC  BASC BCRQ GMPS MACM MSCP*,COMP PREP,,,OPTIMISED,Optimised,"This bench gives an on-time predicted finish. The next-best bench, LV01, would create more due-date risk.",FLEXIBLE,MEDIUM,"The current automatic plan is on target, but later automatic queue positions may still be re-optimised.",,,,,
LV02,LVPA Bench 2,LVPA,4,200234519840,EB9997-000,BAH-038081006,SSE Stock Ltd,no,5,30.07.2026,30.07.2026,1,72,72,72,1.0000,,880,952,Thu 30/07 15:25,Fri 31/07 07:47,2,LATE,1,Late by 1 working day,LVPA-5,0010 → 0030,REL  PRT  PRC  BASC BCRQ GMPS MACM MSCP*,COMP PREP,,,OPTIMISED,Optimised,"No evaluated option fully recovered the order; this bench produced the strongest overall result. The next-best bench, LV01, would finish later.",FLEXIBLE,ATTENTION,The predicted finish is later than the SAP scheduled finish day.,,,,,
LV02,LVPA Bench 2,LVPA,5,200234510162,EB9999-000,BAH-038081008,SSE Stock Ltd,no,5,30.07.2026,30.07.2026,1,282,282,282,1.0000,,952,1234,Fri 31/07 07:47,Fri 31/07 12:39,2,LATE,1,Late by 1 working day,LVPA-5,0010 → 0030,REL  PRT  PRC  BASC BCRQ GMPS MACM MSCP*,COMP PREP,,,OPTIMISED,Optimised,"No evaluated option fully recovered the order; this bench produced the strongest overall result. The next-best bench, LV01, would create more due-date risk.",FLEXIBLE,ATTENTION,The predicted finish is later than the SAP scheduled finish day.,,,,,
LV02,LVPA Bench 2,LVPA,6,200234527571,EB9999-000,BAH-038081008,SSE Stock Ltd,no,5,30.07.2026,30.07.2026,1,282,282,282,1.0000,,1234,1516,Fri 31/07 12:39,Mon 03/08 12:06,3,LATE,2,Late by 2 working days,LVPA-5,0010 → 0030,REL  PRT  PRC  BASC BCRQ GMPS MACM MSCP*,COMP PREP,,,OPTIMISED,Optimised,"The order remains late, but this bench produced the strongest overall result among compatible benches. The immediately preceding work uses the same material.",FLEXIBLE,ATTENTION,The predicted finish is later than the SAP scheduled finish day.,,,,,
LV02,LVPA Bench 2,LVPA,7,200234490495,EN1408-000,BAH-038081549,Northern Powergrid,no,5,29.07.2026,30.07.2026,1,1235,1235,1235,1.0000,,1516,2751,Mon 03/08 12:06,Thu 06/08 08:46,6,LATE,5,Late by 5 working days,LVPA-2 / LVPA-5,0005 → 0010,REL  PRT  PRC  BASC BCRQ GMPS MACM MSCP*,COMP PREP,,,OPTIMISED,Optimised,"The order remains late, but this bench produced the strongest overall result among compatible benches. The next-best bench, LV01, would finish later.",FLEXIBLE,ATTENTION,The predicted finish is later than the SAP scheduled finish day.,,,,,
LV02,LVPA Bench 2,LVPA,8,200234448420,ER3081-000,BAH-038081693,Cable Services Ltd,no,5,31.07.2026,04.08.2026,4,1647,1647,1647,1.0000,,2751,4398,Thu 06/08 08:46,Tue 11/08 16:03,9,LATE,5,Late by 5 working days,LVPA-2 / LVPA-5,0005 → 0010,REL  PRT  PRC  BASC BCRQ GMPS MACM SETC,COMP PREP,,,OPTIMISED,Optimised,"The order remains late, but this bench produced the strongest overall result among compatible benches. The next-best bench, LV01, would create more due-date risk.",FLEXIBLE,ATTENTION,The predicted finish is later than the SAP scheduled finish day.,,,,,
